 Destination Port, Flow Duration, Total Fwd Packets, Total Backward Packets,Total Length of Fwd Packets, Total Length of Bwd Packets, Fwd Packet Length Max, Fwd Packet Length Min, Fwd Packet Length Mean, Fwd Packet Length Std,Bwd Packet Length Max, Bwd Packet Length Min, Bwd Packet Length Mean, Bwd Packet Length Std,Flow Bytes/s, Flow Packets/s, Flow IAT Mean, Flow IAT Std, Flow IAT Max, Flow IAT Min,Fwd IAT Total, Fwd IAT Mean, Fwd IAT Std, Fwd IAT Max, Fwd IAT Min,Bwd IAT Total, Bwd IAT Mean, Bwd IAT Std, Bwd IAT Max, Bwd IAT Min,Fwd PSH Flags, Bwd PSH Flags, Fwd URG Flags, Bwd URG Flags, Fwd Header Length, Bwd Header Length,Fwd Packets/s, Bwd Packets/s, Min Packet Length, Max Packet Length, Packet Length Mean, Packet Length Std, Packet Length Variance,FIN Flag Count, SYN Flag Count, RST Flag Count, PSH Flag Count, ACK Flag Count, URG Flag Count, CWE Flag Count, ECE Flag Count, Down/Up Ratio, Average Packet Size, Avg Fwd Segment Size, Avg Bwd Segment Size, Fwd Header Length.1,Fwd Avg Bytes/Bulk, Fwd Avg Packets/Bulk, Fwd Avg Bulk Rate, Bwd Avg Bytes/Bulk, Bwd Avg Packets/Bulk,Bwd Avg Bulk Rate,Subflow Fwd Packets, Subflow Fwd Bytes, Subflow Bwd Packets, Subflow Bwd Bytes,Init_Win_bytes_forward, Init_Win_bytes_backward, act_data_pkt_fwd, min_seg_size_forward,Active Mean, Active Std, Active Max, Active Min,Idle Mean, Idle Std, Idle Max, Idle Min,label
53.0,853242.0,1.0,1.0,42.0,118.0,42.0,42.0,42.0,0.0,118.0,118.0,118.0,0.0,187.5200705,2.344000881,853242.0,0.0,853242.0,853242.0,0.0,0.0,0.0,0.0,0.0,0.0,0.0,0.0,0.0,0.0,0.0,0.0,0.0,0.0,32.0,32.0,1.172000441,1.172000441,42.0,118.0,67.33333333,43.87862046,1925.333333,0.0,0.0,0.0,0.0,0.0,0.0,0.0,0.0,1.0,101.0,42.0,118.0,32.0,0.0,0.0,0.0,0.0,0.0,0.0,1.0,42.0,1.0,118.0,-1.0,-1.0,0.0,32.0,0.0,0.0,0.0,0.0,0.0,0.0,0.0,0.0,0
80.0,1499429.0,2.0,5.0,20.0,11607.0,20.0,0.0,10.0,14.14213562,8760.0,0.0,2321.4,3802.315321,7754.285131,4.668443788,249904.8333,610963.5404,1497028.0,2.0,2081.0,2081.0,0.0,2081.0,2081.0,1499322.0,374830.5,748132.2708,1497028.0,2.0,0.0,0.0,0.0,0.0,52.0,112.0,1.333841082,3.334602705,0.0,8760.0,1453.375,3113.952607,9696700.839,0.0,0.0,0.0,1.0,0.0,0.0,0.0,0.0,2.0,1661.0,10.0,2321.4,52.0,0.0,0.0,0.0,0.0,0.0,0.0,2.0,20.0,5.0,11607.0,8192.0,229.0,1.0,20.0,0.0,0.0,0.0,0.0,0.0,0.0,0.0,0.0,2
444.0,86726608.0,1775.0,1775.0,785275.0,10650.0,1274.0,6.0,442.4084507,251.4469546,6.0,6.0,6.0,0.0,9177.402626,40.93322778,24436.91406,502642.9002,28800000.0,20.0,86700000.0,48886.20913,711050.767,28900000.0,413.0,86700000.0,48887.41657,710231.7432,28800000.0,526.0,1.0,0.0,0.0,0.0,35500.0,35500.0,20.46661389,20.46661389,6.0,1274.0,224.16784,281.447616,79212.76055,0.0,1.0,0.0,0.0,1.0,0.0,0.0,0.0,1.0,224.2309859,442.4084507,6.0,35500.0,0.0,0.0,0.0,0.0,0.0,0.0,1775.0,785275.0,1775.0,10650.0,255.0,3977.0,1774.0,20.0,23100000.0,26100000.0,41600000.0,4649995.0,17400000.0,16200000.0,28800000.0,5953706.0,3
80.0,72624181.0,8.0,5.0,56.0,11601.0,20.0,0.0,7.0,5.656854249,5840.0,0.0,2320.2,2436.833027,160.5112765,0.17900374,6052015.083,20400000.0,70900000.0,64.0,70900000.0,10100000.0,26800000.0,70900000.0,224.0,1722526.0,430631.5,848893.5613,1703914.0,202.0,0.0,0.0,0.0,0.0,172.0,112.0,0.110156148,0.068847592,0.0,5840.0,833.0714286,1774.906302,3150292.379,0.0,0.0,0.0,0.0,1.0,0.0,0.0,0.0,0.0,897.1538462,7.0,2320.2,172.0,0.0,0.0,0.0,0.0,0.0,0.0,8.0,56.0,5.0,11601.0,256.0,229.0,6.0,20.0,27763.0,0.0,27763.0,27763.0,70900000.0,0.0,70900000.0,70900000.0,2
443.0,62379.0,6.0,4.0,121.0,3110.0,121.0,0.0,20.16666667,49.39804315,1338.0,0.0,777.5,671.0238446,51796.27759,160.3103609,6931.0,12262.88009,28528.0,19.0,62379.0,12475.8,14894.2985,28727.0,19.0,29426.0,9808.666667,16752.91785,29153.0,48.0,0.0,0.0,0.0,0.0,204.0,136.0,96.18621652,64.12414434,0.0,1338.0,293.7272727,532.3957346,283445.2182,0.0,0.0,0.0,1.0,0.0,0.0,0.0,0.0,0.0,323.1,20.16666667,777.5,204.0,0.0,0.0,0.0,0.0,0.0,0.0,6.0,121.0,4.0,3110.0,65535.0,4050.0,1.0,32.0,0.0,0.0,0.0,0.0,0.0,0.0,0.0,0.0,0
1183.0,98.0,1.0,1.0,0.0,6.0,0.0,0.0,0.0,0.0,6.0,6.0,6.0,0.0,61224.4898,20408.16327,98.0,0.0,98.0,98.0,0.0,0.0,0.0,0.0,0.0,0.0,0.0,0.0,0.0,0.0,0.0,0.0,0.0,0.0,40.0,20.0,10204.08163,10204.08163,0.0,6.0,2.0,3.464101615,12.0,0.0,0.0,0.0,1.0,0.0,0.0,0.0,0.0,1.0,3.0,0.0,6.0,40.0,0.0,0.0,0.0,0.0,0.0,0.0,1.0,0.0,1.0,6.0,29200.0,0.0,0.0,40.0,0.0,0.0,0.0,0.0,0.0,0.0,0.0,0.0,4
444.0,111406728.0,21.0,21.0,4584.0,126.0,705.0,6.0,218.2857143,254.8248698,6.0,6.0,6.0,0.0,42.27751846,0.37699698,2717237.268,12000000.0,54800000.0,34.0,111000000.0,5570320.6,16900000.0,54800000.0,426.0,111000000.0,5570320.45,16900000.0,54800000.0,534.0,1.0,0.0,0.0,0.0,420.0,420.0,0.18849849,0.18849849,6.0,705.0,110.372093,205.7253165,42322.90587,0.0,1.0,0.0,0.0,1.0,0.0,0.0,0.0,1.0,113.0,218.2857143,6.0,420.0,0.0,0.0,0.0,0.0,0.0,0.0,21.0,4584.0,21.0,126.0,255.0,1452.0,20.0,20.0,583227.0,1907.774096,584576.0,581878.0,54800000.0,1449.568901,54800000.0,54800000.0,3
53875.0,75.0,1.0,1.0,6.0,6.0,6.0,6.0,6.0,0.0,6.0,6.0,6.0,0.0,160000.0,26666.66667,75.0,0.0,75.0,75.0,0.0,0.0,0.0,0.0,0.0,0.0,0.0,0.0,0.0,0.0,0.0,0.0,0.0,0.0,20.0,20.0,13333.33333,13333.33333,6.0,6.0,6.0,0.0,0.0,0.0,0.0,0.0,0.0,1.0,1.0,0.0,0.0,1.0,9.0,6.0,6.0,20.0,0.0,0.0,0.0,0.0,0.0,0.0,1.0,6.0,1.0,6.0,237.0,256.0,0.0,20.0,0.0,0.0,0.0,0.0,0.0,0.0,0.0,0.0,1
1026.0,42.0,1.0,1.0,0.0,6.0,0.0,0.0,0.0,0.0,6.0,6.0,6.0,0.0,142857.1429,47619.04762,42.0,0.0,42.0,42.0,0.0,0.0,0.0,0.0,0.0,0.0,0.0,0.0,0.0,0.0,0.0,0.0,0.0,0.0,40.0,20.0,23809.52381,23809.52381,0.0,6.0,2.0,3.464101615,12.0,0.0,0.0,0.0,1.0,0.0,0.0,0.0,0.0,1.0,3.0,0.0,6.0,40.0,0.0,0.0,0.0,0.0,0.0,0.0,1.0,0.0,1.0,6.0,29200.0,0.0,0.0,40.0,0.0,0.0,0.0,0.0,0.0,0.0,0.0,0.0,4
444.0,56538478.0,2.0,1.0,66.0,6.0,60.0,6.0,33.0,38.18376618,6.0,6.0,6.0,0.0,1.273469017,0.053061209,28300000.0,40000000.0,56500000.0,389.0,56500000.0,56500000.0,0.0,56500000.0,56500000.0,0.0,0.0,0.0,0.0,0.0,0.0,0.0,0.0,0.0,40.0,20.0,0.035374139,0.01768707,6.0,60.0,19.5,27.0,729.0,0.0,0.0,0.0,0.0,1.0,0.0,0.0,0.0,0.0,26.0,33.0,6.0,40.0,0.0,0.0,0.0,0.0,0.0,0.0,2.0,66.0,1.0,6.0,255.0,0.0,1.0,20.0,0.0,0.0,0.0,0.0,56500000.0,0.0,56500000.0,56500000.0,3
444.0,66695827.0,32.0,34.0,11898.0,460.0,1460.0,0.0,371.8125,505.3550293,267.0,0.0,13.52941176,44.79937452,185.2889537,0.989567158,1026089.646,5280456.166,37000000.0,2.0,66700000.0,2151464.935,7548995.503,37000000.0,4.0,66700000.0,2021070.818,7327578.027,37000000.0,2.0,0.0,0.0,0.0,0.0,652.0,692.0,0.479790137,0.509777021,0.0,1460.0,184.4477612,391.8442905,153541.948,0.0,0.0,0.0,1.0,0.0,0.0,0.0,0.0,1.0,187.2424242,371.8125,13.52941176,652.0,0.0,0.0,0.0,0.0,0.0,0.0,32.0,11898.0,34.0,460.0,8192.0,492.0,31.0,20.0,376331.0,362570.0288,730747.0,6123.0,21700000.0,14900000.0,37000000.0,7268675.0,3
8080.0,69488.0,4.0,3.0,207.0,134.0,195.0,0.0,51.75,95.54187564,128.0,0.0,44.66666667,72.23111056,4907.322128,100.7368179,11581.33333,27408.34863,67525.0,52.0,69488.0,23162.66667,39575.91881,68860.0,52.0,68129.0,34064.5,47320.2929,67525.0,604.0,0.0,0.0,0.0,0.0,92.0,72.0,57.56389592,43.17292194,0.0,195.0,42.625,75.57576615,5711.696429,0.0,0.0,0.0,1.0,0.0,0.0,0.0,0.0,0.0,48.71428571,51.75,44.66666667,92.0,0.0,0.0,0.0,0.0,0.0,0.0,4.0,207.0,3.0,134.0,8192.0,237.0,3.0,20.0,0.0,0.0,0.0,0.0,0.0,0.0,0.0,0.0,1
80.0,1736294.0,3.0,5.0,26.0,11607.0,20.0,0.0,8.666666667,10.26320288,10220.0,0.0,2321.4,4455.182578,6699.902206,4.607514626,248042.0,655346.216,1734227.0,23.0,1647.0,823.5,1081.166268,1588.0,59.0,1736271.0,434067.75,866773.1147,1734227.0,185.0,0.0,0.0,0.0,0.0,72.0,112.0,1.727817985,2.879696641,0.0,10220.0,1292.555556,3378.299021,11400000.0,0.0,0.0,0.0,1.0,0.0,0.0,0.0,0.0,1.0,1454.125,8.666666667,2321.4,72.0,0.0,0.0,0.0,0.0,0.0,0.0,3.0,26.0,5.0,11607.0,8192.0,229.0,2.0,20.0,0.0,0.0,0.0,0.0,0.0,0.0,0.0,0.0,2
8080.0,997230.0,3.0,3.0,0.0,18.0,0.0,0.0,0.0,0.0,6.0,6.0,6.0,0.0,18.0499985,6.016666165,199446.0,272432.5287,498813.0,394.0,996665.0,498332.5,1236.72976,499207.0,497458.0,996719.0,498359.5,1440.376513,499378.0,497341.0,0.0,0.0,0.0,0.0,92.0,60.0,3.008333083,3.008333083,0.0,6.0,2.571428571,3.207134903,10.28571429,0.0,0.0,0.0,1.0,0.0,0.0,0.0,0.0,1.0,3.0,0.0,6.0,92.0,0.0,0.0,0.0,0.0,0.0,0.0,3.0,0.0,3.0,18.0,8192.0,0.0,0.0,28.0,0.0,0.0,0.0,0.0,0.0,0.0,0.0,0.0,1
80.0,84481.0,3.0,4.0,26.0,11601.0,20.0,0.0,8.666666667,10.26320288,5840.0,0.0,2900.25,3345.636997,137628.5792,82.85886767,14080.16667,29282.33679,73242.0,29.0,11053.0,5526.5,7268.350604,10666.0,387.0,84408.0,28136.0,39437.98807,73242.0,157.0,0.0,0.0,0.0,0.0,72.0,92.0,35.51094329,47.34792439,0.0,5840.0,1453.375,2681.356423,7189672.268,0.0,0.0,0.0,1.0,0.0,0.0,0.0,0.0,1.0,1661.0,8.666666667,2900.25,72.0,0.0,0.0,0.0,0.0,0.0,0.0,3.0,26.0,4.0,11601.0,8192.0,229.0,2.0,20.0,0.0,0.0,0.0,0.0,0.0,0.0,0.0,0.0,2
8080.0,75114.0,4.0,3.0,210.0,134.0,198.0,0.0,52.5,97.04122835,128.0,0.0,44.66666667,72.23111056,4579.705514,93.19168198,12519.0,29832.30706,73412.0,38.0,75114.0,25038.0,42824.11358,74486.0,38.0,73978.0,36989.0,51509.90058,73412.0,566.0,0.0,0.0,0.0,0.0,92.0,72.0,53.2523897,39.93929228,0.0,198.0,43.0,76.44232186,5843.428571,0.0,0.0,0.0,1.0,0.0,0.0,0.0,0.0,0.0,49.14285714,52.5,44.66666667,92.0,0.0,0.0,0.0,0.0,0.0,0.0,4.0,210.0,3.0,134.0,8192.0,237.0,3.0,20.0,0.0,0.0,0.0,0.0,0.0,0.0,0.0,0.0,1
80.0,36983.0,1.0,1.0,0.0,0.0,0.0,0.0,0.0,0.0,0.0,0.0,0.0,0.0,0.0,54.07890112,36983.0,0.0,36983.0,36983.0,0.0,0.0,0.0,0.0,0.0,0.0,0.0,0.0,0.0,0.0,0.0,0.0,0.0,0.0,32.0,32.0,27.03945056,27.03945056,0.0,0.0,0.0,0.0,0.0,0.0,0.0,0.0,0.0,1.0,1.0,0.0,0.0,1.0,0.0,0.0,0.0,32.0,0.0,0.0,0.0,0.0,0.0,0.0,1.0,0.0,1.0,0.0,284.0,972.0,0.0,32.0,0.0,0.0,0.0,0.0,0.0,0.0,0.0,0.0,0
53.0,46696.0,4.0,2.0,196.0,232.0,49.0,49.0,49.0,0.0,116.0,116.0,116.0,0.0,9165.667295,128.490663,9339.2,15486.49522,35705.0,3.0,35711.0,11903.66667,20612.55931,35705.0,3.0,4.0,4.0,0.0,4.0,4.0,0.0,0.0,0.0,0.0,80.0,40.0,85.66044201,42.830221,49.0,116.0,68.14285714,32.69265244,1068.809524,0.0,0.0,0.0,0.0,0.0,0.0,0.0,0.0,0.0,79.5,49.0,116.0,80.0,0.0,0.0,0.0,0.0,0.0,0.0,4.0,196.0,2.0,232.0,-1.0,-1.0,3.0,20.0,0.0,0.0,0.0,0.0,0.0,0.0,0.0,0.0,0
56574.0,7117762.0,1.0,5.0,1375.0,24.0,1375.0,1375.0,1375.0,0.0,6.0,0.0,4.8,2.683281573,196.550545,0.842961594,1423552.4,3180746.192,7113444.0,315.0,0.0,0.0,0.0,0.0,0.0,7116136.0,1779034.0,3556273.424,7113444.0,315.0,1.0,0.0,0.0,0.0,20.0,112.0,0.140493599,0.702467995,0.0,1375.0,396.2857143,668.5927296,447016.2381,0.0,1.0,0.0,0.0,1.0,1.0,0.0,0.0,5.0,462.3333333,1375.0,4.8,20.0,0.0,0.0,0.0,0.0,0.0,0.0,1.0,1375.0,5.0,24.0,229.0,0.0,0.0,20.0,4318.0,0.0,4318.0,4318.0,7113444.0,0.0,7113444.0,7113444.0,0
8080.0,1002068.0,3.0,3.0,0.0,18.0,0.0,0.0,0.0,0.0,6.0,6.0,6.0,0.0,17.96285282,5.987617607,200413.6,273751.2274,500480.0,380.0,1001513.0,500756.5,382.5447686,501027.0,500486.0,1001688.0,500844.0,270.1147904,501035.0,500653.0,0.0,0.0,0.0,0.0,92.0,60.0,2.993808803,2.993808803,0.0,6.0,2.571428571,3.207134903,10.28571429,0.0,0.0,0.0,1.0,0.0,0.0,0.0,0.0,1.0,3.0,0.0,6.0,92.0,0.0,0.0,0.0,0.0,0.0,0.0,3.0,0.0,3.0,18.0,8192.0,0.0,0.0,28.0,0.0,0.0,0.0,0.0,0.0,0.0,0.0,0.0,1
80.0,1871963.0,4.0,0.0,24.0,0.0,6.0,6.0,6.0,0.0,0.0,0.0,0.0,0.0,12.82076622,2.13679437,623987.6667,1079906.372,1870956.0,0.0,1871963.0,623987.6667,1079906.372,1870956.0,0.0,0.0,0.0,0.0,0.0,0.0,0.0,0.0,0.0,0.0,80.0,0.0,2.13679437,0.0,6.0,6.0,6.0,0.0,0.0,0.0,0.0,0.0,0.0,1.0,0.0,0.0,0.0,0.0,7.5,6.0,0.0,80.0,0.0,0.0,0.0,0.0,0.0,0.0,4.0,24.0,0.0,0.0,256.0,-1.0,3.0,20.0,0.0,0.0,0.0,0.0,0.0,0.0,0.0,0.0,2
2718.0,49.0,1.0,1.0,0.0,6.0,0.0,0.0,0.0,0.0,6.0,6.0,6.0,0.0,122448.9796,40816.32653,49.0,0.0,49.0,49.0,0.0,0.0,0.0,0.0,0.0,0.0,0.0,0.0,0.0,0.0,0.0,0.0,0.0,0.0,40.0,20.0,20408.16327,20408.16327,0.0,6.0,2.0,3.464101615,12.0,0.0,0.0,0.0,1.0,0.0,0.0,0.0,0.0,1.0,3.0,0.0,6.0,40.0,0.0,0.0,0.0,0.0,0.0,0.0,1.0,0.0,1.0,6.0,29200.0,0.0,0.0,40.0,0.0,0.0,0.0,0.0,0.0,0.0,0.0,0.0,4
444.0,119382036.0,1157.0,1157.0,319630.0,6942.0,1271.0,6.0,276.2575627,265.155894,6.0,6.0,6.0,0.0,2735.520443,19.38315074,51613.50454,688536.9003,24800000.0,1.0,119000000.0,103271.2249,972656.1248,24800000.0,352.0,119000000.0,103271.2033,971529.3733,24800000.0,464.0,1.0,0.0,0.0,0.0,23140.0,23140.0,9.691575372,9.691575372,6.0,1271.0,141.1088553,231.0500967,53384.14718,0.0,1.0,0.0,0.0,1.0,0.0,0.0,0.0,1.0,141.1698358,276.2575627,6.0,23140.0,0.0,0.0,0.0,0.0,0.0,0.0,1157.0,319630.0,1157.0,6942.0,255.0,3977.0,1156.0,20.0,8742788.75,8670543.965,21700000.0,3735603.0,13600000.0,9693511.151,24800000.0,5373451.0,3
80.0,430813.0,3.0,5.0,26.0,11601.0,20.0,0.0,8.666666667,10.26320288,7300.0,0.0,2320.2,3022.508098,26988.50777,18.56954177,61544.71429,155568.7123,414096.0,34.0,16299.0,8149.5,10878.83783,15842.0,457.0,430726.0,107681.5,204416.4717,414096.0,191.0,0.0,0.0,0.0,0.0,72.0,112.0,6.963578165,11.60596361,0.0,7300.0,1291.888889,2460.652985,6054813.111,0.0,0.0,0.0,1.0,0.0,0.0,0.0,0.0,1.0,1453.375,8.666666667,2320.2,72.0,0.0,0.0,0.0,0.0,0.0,0.0,3.0,26.0,5.0,11601.0,8192.0,229.0,2.0,20.0,0.0,0.0,0.0,0.0,0.0,0.0,0.0,0.0,2
52932.0,63.0,1.0,1.0,6.0,6.0,6.0,6.0,6.0,0.0,6.0,6.0,6.0,0.0,190476.1905,31746.03175,63.0,0.0,63.0,63.0,0.0,0.0,0.0,0.0,0.0,0.0,0.0,0.0,0.0,0.0,0.0,0.0,0.0,0.0,20.0,20.0,15873.01587,15873.01587,6.0,6.0,6.0,0.0,0.0,0.0,0.0,0.0,0.0,1.0,1.0,0.0,0.0,1.0,9.0,6.0,6.0,20.0,0.0,0.0,0.0,0.0,0.0,0.0,1.0,6.0,1.0,6.0,237.0,256.0,0.0,20.0,0.0,0.0,0.0,0.0,0.0,0.0,0.0,0.0,1
3869.0,44.0,1.0,1.0,2.0,6.0,2.0,2.0,2.0,0.0,6.0,6.0,6.0,0.0,181818.1818,45454.54545,44.0,0.0,44.0,44.0,0.0,0.0,0.0,0.0,0.0,0.0,0.0,0.0,0.0,0.0,0.0,0.0,0.0,0.0,24.0,20.0,22727.27273,22727.27273,2.0,6.0,3.333333333,2.309401077,5.333333333,0.0,0.0,0.0,1.0,0.0,0.0,0.0,0.0,1.0,5.0,2.0,6.0,24.0,0.0,0.0,0.0,0.0,0.0,0.0,1.0,2.0,1.0,6.0,1024.0,0.0,0.0,24.0,0.0,0.0,0.0,0.0,0.0,0.0,0.0,0.0,4
444.0,99891716.0,15.0,15.0,5065.0,90.0,1460.0,6.0,337.6666667,457.9431759,6.0,6.0,6.0,0.0,51.60588091,0.300325204,3444541.931,18300000.0,98800000.0,3.0,99900000.0,7135098.643,26400000.0,98800000.0,4.0,99900000.0,7135085.857,26400000.0,98800000.0,3.0,1.0,0.0,0.0,0.0,300.0,300.0,0.150162602,0.150162602,6.0,1460.0,168.2258065,354.64026,125769.714,0.0,1.0,0.0,0.0,1.0,0.0,0.0,0.0,1.0,173.8333333,337.6666667,6.0,300.0,0.0,0.0,0.0,0.0,0.0,0.0,15.0,5065.0,15.0,90.0,255.0,1452.0,14.0,20.0,569902.0,0.0,569902.0,569902.0,98800000.0,0.0,98800000.0,98800000.0,3
8080.0,63453.0,4.0,3.0,206.0,134.0,194.0,0.0,51.5,95.04209594,128.0,0.0,44.66666667,72.23111056,5358.296692,110.3178731,10575.5,24752.40184,61095.0,47.0,63453.0,21151.0,36084.8321,62817.0,47.0,61854.0,30927.0,42663.99475,61095.0,759.0,0.0,0.0,0.0,0.0,92.0,72.0,63.03878461,47.27908846,0.0,194.0,42.5,75.2880184,5668.285714,0.0,0.0,0.0,1.0,0.0,0.0,0.0,0.0,0.0,48.57142857,51.5,44.66666667,92.0,0.0,0.0,0.0,0.0,0.0,0.0,4.0,206.0,3.0,134.0,8192.0,237.0,3.0,20.0,0.0,0.0,0.0,0.0,0.0,0.0,0.0,0.0,1
444.0,119991834.0,5523.0,5525.0,2866110.0,33406.0,1274.0,0.0,518.940793,204.2035303,267.0,0.0,6.046334842,3.512317683,24164.27771,92.07293223,10861.93844,112321.3571,9432176.0,3.0,120000000.0,21729.77798,158193.1653,9432951.0,493.0,120000000.0,21721.7529,158125.0232,9432176.0,582.0,0.0,0.0,0.0,0.0,110472.0,110512.0,46.02813221,46.04480002,0.0,1274.0,262.4233867,294.3120341,86619.57344,0.0,0.0,0.0,1.0,0.0,0.0,0.0,0.0,1.0,262.4471398,518.940793,6.046334842,110472.0,0.0,0.0,0.0,0.0,0.0,0.0,5523.0,2866110.0,5525.0,33406.0,8192.0,3294.0,5522.0,20.0,997842.0,831471.3076,1585781.0,409903.0,8143987.5,1821773.648,9432176.0,6855799.0,3
2100.0,58.0,1.0,1.0,0.0,6.0,0.0,0.0,0.0,0.0,6.0,6.0,6.0,0.0,103448.2759,34482.75862,58.0,0.0,58.0,58.0,0.0,0.0,0.0,0.0,0.0,0.0,0.0,0.0,0.0,0.0,0.0,0.0,0.0,0.0,40.0,20.0,17241.37931,17241.37931,0.0,6.0,2.0,3.464101615,12.0,0.0,0.0,0.0,1.0,0.0,0.0,0.0,0.0,1.0,3.0,0.0,6.0,40.0,0.0,0.0,0.0,0.0,0.0,0.0,1.0,0.0,1.0,6.0,29200.0,0.0,0.0,40.0,0.0,0.0,0.0,0.0,0.0,0.0,0.0,0.0,4
444.0,78233714.0,48.0,52.0,12042.0,586.0,1460.0,0.0,250.875,422.7945341,267.0,0.0,11.26923077,36.2470366,161.4137864,1.278221305,790239.5354,3643348.334,29500000.0,1.0,78200000.0,1664536.872,5176657.015,29500000.0,4.0,78200000.0,1533983.02,4985581.973,29500000.0,1.0,0.0,0.0,0.0,0.0,972.0,1052.0,0.613546226,0.664675079,0.0,1460.0,125.029703,314.9169241,99172.66911,0.0,0.0,0.0,1.0,0.0,0.0,0.0,0.0,1.0,126.28,250.875,11.26923077,972.0,0.0,0.0,0.0,0.0,0.0,0.0,48.0,12042.0,52.0,586.0,8192.0,538.0,47.0,20.0,2024843.8,3093999.209,7461188.0,3051.0,13600000.0,10200000.0,29500000.0,5662979.0,3
80.0,7145988.0,5.0,0.0,30.0,0.0,6.0,6.0,6.0,0.0,0.0,0.0,0.0,0.0,4.198159863,0.69969331,1786497.0,3572240.668,7144858.0,240.0,7145988.0,1786497.0,3572240.668,7144858.0,240.0,0.0,0.0,0.0,0.0,0.0,0.0,0.0,0.0,0.0,100.0,0.0,0.69969331,0.0,6.0,6.0,6.0,0.0,0.0,0.0,0.0,0.0,0.0,1.0,0.0,0.0,0.0,0.0,7.2,6.0,0.0,100.0,0.0,0.0,0.0,0.0,0.0,0.0,5.0,30.0,0.0,0.0,256.0,-1.0,4.0,20.0,1130.0,0.0,1130.0,1130.0,7144858.0,0.0,7144858.0,7144858.0,2
80.0,11203818.0,4.0,0.0,24.0,0.0,6.0,6.0,6.0,0.0,0.0,0.0,0.0,0.0,2.142126907,0.357021151,3734606.0,6467658.734,11200000.0,1.0,11200000.0,3734606.0,6467658.734,11200000.0,1.0,0.0,0.0,0.0,0.0,0.0,0.0,0.0,0.0,0.0,80.0,0.0,0.357021151,0.0,6.0,6.0,6.0,0.0,0.0,0.0,0.0,0.0,0.0,1.0,0.0,0.0,0.0,0.0,7.5,6.0,0.0,80.0,0.0,0.0,0.0,0.0,0.0,0.0,4.0,24.0,0.0,0.0,256.0,-1.0,3.0,20.0,1003.0,0.0,1003.0,1003.0,11200000.0,0.0,11200000.0,11200000.0,2
52232.0,4.0,1.0,1.0,6.0,6.0,6.0,6.0,6.0,0.0,6.0,6.0,6.0,0.0,3000000.0,500000.0,4.0,0.0,4.0,4.0,0.0,0.0,0.0,0.0,0.0,0.0,0.0,0.0,0.0,0.0,0.0,0.0,0.0,0.0,20.0,20.0,250000.0,250000.0,6.0,6.0,6.0,0.0,0.0,0.0,0.0,0.0,0.0,1.0,1.0,0.0,0.0,1.0,9.0,6.0,6.0,20.0,0.0,0.0,0.0,0.0,0.0,0.0,1.0,6.0,1.0,6.0,237.0,256.0,0.0,20.0,0.0,0.0,0.0,0.0,0.0,0.0,0.0,0.0,1
4446.0,12.0,1.0,1.0,0.0,6.0,0.0,0.0,0.0,0.0,6.0,6.0,6.0,0.0,500000.0,166666.6667,12.0,0.0,12.0,12.0,0.0,0.0,0.0,0.0,0.0,0.0,0.0,0.0,0.0,0.0,0.0,0.0,0.0,0.0,40.0,20.0,83333.33333,83333.33333,0.0,6.0,2.0,3.464101615,12.0,0.0,0.0,0.0,1.0,0.0,0.0,0.0,0.0,1.0,3.0,0.0,6.0,40.0,0.0,0.0,0.0,0.0,0.0,0.0,1.0,0.0,1.0,6.0,29200.0,0.0,0.0,40.0,0.0,0.0,0.0,0.0,0.0,0.0,0.0,0.0,4
444.0,119995180.0,1819.0,1817.0,489184.0,10902.0,1271.0,6.0,268.9301814,265.6506388,6.0,6.0,6.0,0.0,4167.55073,30.3012171,33011.05365,583232.1056,33200000.0,3.0,120000000.0,66003.94939,824243.9552,33300000.0,91.0,120000000.0,66067.39537,823984.1491,33200000.0,476.0,0.0,0.0,0.0,0.0,36380.0,36340.0,15.15894222,15.14227488,6.0,1271.0,137.5012373,229.2879261,52572.95304,0.0,0.0,0.0,0.0,1.0,0.0,0.0,0.0,0.0,137.5390539,268.9301814,6.0,36380.0,0.0,0.0,0.0,0.0,0.0,0.0,1819.0,489184.0,1817.0,10902.0,3294.0,3294.0,1818.0,20.0,5863632.333,4482321.645,9355307.0,809115.0,14700000.0,16100000.0,33200000.0,5108213.0,3
80.0,3974797.0,5.0,0.0,30.0,0.0,6.0,6.0,6.0,0.0,0.0,0.0,0.0,0.0,7.547555259,1.257925876,993699.25,1986711.833,3973767.0,321.0,3974797.0,993699.25,1986711.833,3973767.0,321.0,0.0,0.0,0.0,0.0,0.0,0.0,0.0,0.0,0.0,100.0,0.0,1.257925876,0.0,6.0,6.0,6.0,0.0,0.0,0.0,0.0,0.0,0.0,1.0,0.0,0.0,0.0,0.0,7.2,6.0,0.0,100.0,0.0,0.0,0.0,0.0,0.0,0.0,5.0,30.0,0.0,0.0,256.0,-1.0,4.0,20.0,0.0,0.0,0.0,0.0,0.0,0.0,0.0,0.0,2
444.0,2030.0,2.0,0.0,12.0,0.0,6.0,6.0,6.0,0.0,0.0,0.0,0.0,0.0,5911.330049,985.2216749,2030.0,0.0,2030.0,2030.0,2030.0,2030.0,0.0,2030.0,2030.0,0.0,0.0,0.0,0.0,0.0,0.0,0.0,0.0,0.0,40.0,0.0,985.2216749,0.0,6.0,6.0,6.0,0.0,0.0,0.0,0.0,0.0,0.0,1.0,0.0,0.0,0.0,0.0,9.0,6.0,0.0,40.0,0.0,0.0,0.0,0.0,0.0,0.0,2.0,12.0,0.0,0.0,255.0,-1.0,1.0,20.0,0.0,0.0,0.0,0.0,0.0,0.0,0.0,0.0,3
1021.0,25.0,1.0,1.0,2.0,6.0,2.0,2.0,2.0,0.0,6.0,6.0,6.0,0.0,320000.0,80000.0,25.0,0.0,25.0,25.0,0.0,0.0,0.0,0.0,0.0,0.0,0.0,0.0,0.0,0.0,0.0,0.0,0.0,0.0,24.0,20.0,40000.0,40000.0,2.0,6.0,3.333333333,2.309401077,5.333333333,0.0,0.0,0.0,1.0,0.0,0.0,0.0,0.0,1.0,5.0,2.0,6.0,24.0,0.0,0.0,0.0,0.0,0.0,0.0,1.0,2.0,1.0,6.0,1024.0,0.0,0.0,24.0,0.0,0.0,0.0,0.0,0.0,0.0,0.0,0.0,4
5080.0,71.0,1.0,1.0,0.0,6.0,0.0,0.0,0.0,0.0,6.0,6.0,6.0,0.0,84507.04225,28169.01408,71.0,0.0,71.0,71.0,0.0,0.0,0.0,0.0,0.0,0.0,0.0,0.0,0.0,0.0,0.0,0.0,0.0,0.0,40.0,20.0,14084.50704,14084.50704,0.0,6.0,2.0,3.464101615,12.0,0.0,0.0,0.0,1.0,0.0,0.0,0.0,0.0,1.0,3.0,0.0,6.0,40.0,0.0,0.0,0.0,0.0,0.0,0.0,1.0,0.0,1.0,6.0,29200.0,0.0,0.0,40.0,0.0,0.0,0.0,0.0,0.0,0.0,0.0,0.0,4
80.0,6897840.0,4.0,0.0,24.0,0.0,6.0,6.0,6.0,0.0,0.0,0.0,0.0,0.0,3.479350057,0.579891676,2299280.0,3982466.317,6897836.0,1.0,6897840.0,2299280.0,3982466.317,6897836.0,1.0,0.0,0.0,0.0,0.0,0.0,0.0,0.0,0.0,0.0,80.0,0.0,0.579891676,0.0,6.0,6.0,6.0,0.0,0.0,0.0,0.0,0.0,0.0,1.0,0.0,0.0,0.0,0.0,7.5,6.0,0.0,80.0,0.0,0.0,0.0,0.0,0.0,0.0,4.0,24.0,0.0,0.0,256.0,-1.0,3.0,20.0,4.0,0.0,4.0,4.0,6897836.0,0.0,6897836.0,6897836.0,2
8080.0,999865.0,3.0,3.0,0.0,18.0,0.0,0.0,0.0,0.0,6.0,6.0,6.0,0.0,18.00243033,6.000810109,199973.0,272985.9921,499427.0,593.0,999252.0,499626.0,557.2001436,500020.0,499232.0,999234.0,499617.0,598.2123369,500040.0,499194.0,0.0,0.0,0.0,0.0,92.0,60.0,3.000405055,3.000405055,0.0,6.0,2.571428571,3.207134903,10.28571429,0.0,0.0,0.0,1.0,0.0,0.0,0.0,0.0,1.0,3.0,0.0,6.0,92.0,0.0,0.0,0.0,0.0,0.0,0.0,3.0,0.0,3.0,18.0,8192.0,0.0,0.0,28.0,0.0,0.0,0.0,0.0,0.0,0.0,0.0,0.0,1
53.0,156.0,2.0,2.0,70.0,102.0,35.0,35.0,35.0,0.0,51.0,51.0,51.0,0.0,1102564.103,25641.02564,52.0,50.11985634,104.0,4.0,4.0,4.0,0.0,4.0,4.0,48.0,48.0,0.0,48.0,48.0,0.0,0.0,0.0,0.0,40.0,40.0,12820.51282,12820.51282,35.0,51.0,41.4,8.76356092,76.8,0.0,0.0,0.0,0.0,0.0,0.0,0.0,0.0,1.0,51.75,35.0,51.0,40.0,0.0,0.0,0.0,0.0,0.0,0.0,2.0,70.0,2.0,102.0,-1.0,-1.0,1.0,20.0,0.0,0.0,0.0,0.0,0.0,0.0,0.0,0.0,0
9917.0,27.0,1.0,1.0,2.0,6.0,2.0,2.0,2.0,0.0,6.0,6.0,6.0,0.0,296296.2963,74074.07407,27.0,0.0,27.0,27.0,0.0,0.0,0.0,0.0,0.0,0.0,0.0,0.0,0.0,0.0,0.0,0.0,0.0,0.0,24.0,20.0,37037.03704,37037.03704,2.0,6.0,3.333333333,2.309401077,5.333333333,0.0,0.0,0.0,1.0,0.0,0.0,0.0,0.0,1.0,5.0,2.0,6.0,24.0,0.0,0.0,0.0,0.0,0.0,0.0,1.0,2.0,1.0,6.0,1024.0,0.0,0.0,24.0,0.0,0.0,0.0,0.0,0.0,0.0,0.0,0.0,4
53.0,157685.0,4.0,2.0,140.0,182.0,35.0,35.0,35.0,0.0,91.0,91.0,91.0,0.0,2042.045851,38.05054381,31537.0,54535.39575,125965.0,3.0,31671.0,10557.0,18273.13646,31657.0,3.0,49.0,49.0,0.0,49.0,49.0,0.0,0.0,0.0,0.0,80.0,40.0,25.3670292,12.6835146,35.0,91.0,51.0,27.32520204,746.6666667,0.0,0.0,0.0,0.0,0.0,0.0,0.0,0.0,0.0,59.5,35.0,91.0,80.0,0.0,0.0,0.0,0.0,0.0,0.0,4.0,140.0,2.0,182.0,-1.0,-1.0,3.0,20.0,0.0,0.0,0.0,0.0,0.0,0.0,0.0,0.0,0
3047.0,19.0,1.0,1.0,6.0,6.0,6.0,6.0,6.0,0.0,6.0,6.0,6.0,0.0,631578.9474,105263.1579,19.0,0.0,19.0,19.0,0.0,0.0,0.0,0.0,0.0,0.0,0.0,0.0,0.0,0.0,0.0,0.0,0.0,0.0,20.0,20.0,52631.57895,52631.57895,6.0,6.0,6.0,0.0,0.0,0.0,0.0,0.0,0.0,1.0,1.0,0.0,0.0,1.0,9.0,6.0,6.0,20.0,0.0,0.0,0.0,0.0,0.0,0.0,1.0,6.0,1.0,6.0,237.0,16393.0,0.0,20.0,0.0,0.0,0.0,0.0,0.0,0.0,0.0,0.0,1
53.0,114137.0,1.0,1.0,48.0,145.0,48.0,48.0,48.0,0.0,145.0,145.0,145.0,0.0,1690.950349,17.52280155,114137.0,0.0,114137.0,114137.0,0.0,0.0,0.0,0.0,0.0,0.0,0.0,0.0,0.0,0.0,0.0,0.0,0.0,0.0,32.0,32.0,8.761400773,8.761400773,48.0,145.0,80.33333333,56.00297611,3136.333333,0.0,0.0,0.0,0.0,0.0,0.0,0.0,0.0,1.0,120.5,48.0,145.0,32.0,0.0,0.0,0.0,0.0,0.0,0.0,1.0,48.0,1.0,145.0,-1.0,-1.0,0.0,32.0,0.0,0.0,0.0,0.0,0.0,0.0,0.0,0.0,0
80.0,71729809.0,8.0,4.0,56.0,11601.0,20.0,0.0,7.0,5.656854249,8760.0,0.0,2900.25,4128.319301,162.5126313,0.167294465,6520891.727,20000000.0,66700000.0,2.0,71700000.0,10200000.0,25000000.0,66700000.0,2.0,49554.0,16518.0,17559.86777,35092.0,188.0,0.0,0.0,0.0,0.0,172.0,92.0,0.111529643,0.055764822,0.0,8760.0,897.1538462,2488.507044,6192667.308,0.0,0.0,0.0,0.0,1.0,0.0,0.0,0.0,0.0,971.9166667,7.0,2900.25,172.0,0.0,0.0,0.0,0.0,0.0,0.0,8.0,56.0,4.0,11601.0,256.0,229.0,6.0,20.0,4948953.0,0.0,4948953.0,4948953.0,66700000.0,0.0,66700000.0,66700000.0,2
444.0,24006815.0,35.0,35.0,13418.0,210.0,1460.0,6.0,383.3714286,499.5694079,6.0,6.0,6.0,0.0,567.6721381,2.91583869,347924.8551,2264259.724,18500000.0,0.0,24000000.0,706071.1176,3210073.627,18500000.0,3.0,24000000.0,706060.5588,3210093.825,18500000.0,0.0,1.0,0.0,0.0,0.0,700.0,700.0,1.457919345,1.457919345,6.0,1460.0,192.4507042,396.4548898,157176.4797,0.0,1.0,0.0,0.0,1.0,0.0,0.0,0.0,1.0,195.2,383.3714286,6.0,700.0,0.0,0.0,0.0,0.0,0.0,0.0,35.0,13418.0,35.0,210.0,255.0,1428.0,34.0,20.0,4963369.0,0.0,4963369.0,4963369.0,18500000.0,0.0,18500000.0,18500000.0,3
53.0,61053.0,1.0,1.0,53.0,192.0,53.0,53.0,53.0,0.0,192.0,192.0,192.0,0.0,4012.906819,32.75842301,61053.0,0.0,61053.0,61053.0,0.0,0.0,0.0,0.0,0.0,0.0,0.0,0.0,0.0,0.0,0.0,0.0,0.0,0.0,32.0,40.0,16.3792115,16.3792115,53.0,192.0,99.33333333,80.25168742,6440.333333,0.0,0.0,0.0,0.0,0.0,0.0,0.0,0.0,1.0,149.0,53.0,192.0,32.0,0.0,0.0,0.0,0.0,0.0,0.0,1.0,53.0,1.0,192.0,-1.0,-1.0,0.0,32.0,0.0,0.0,0.0,0.0,0.0,0.0,0.0,0.0,0
8080.0,996614.0,3.0,3.0,0.0,18.0,0.0,0.0,0.0,0.0,6.0,6.0,6.0,0.0,18.06115507,6.020385024,199322.8,272358.5884,498761.0,410.0,996172.0,498086.0,1535.835929,499172.0,497000.0,996204.0,498102.0,1557.049132,499203.0,497001.0,0.0,0.0,0.0,0.0,92.0,60.0,3.010192512,3.010192512,0.0,6.0,2.571428571,3.207134903,10.28571429,0.0,0.0,0.0,1.0,0.0,0.0,0.0,0.0,1.0,3.0,0.0,6.0,92.0,0.0,0.0,0.0,0.0,0.0,0.0,3.0,0.0,3.0,18.0,8192.0,0.0,0.0,28.0,0.0,0.0,0.0,0.0,0.0,0.0,0.0,0.0,1
53.0,140688.0,1.0,1.0,48.0,78.0,48.0,48.0,48.0,0.0,78.0,78.0,78.0,0.0,895.5987718,14.21585352,140688.0,0.0,140688.0,140688.0,0.0,0.0,0.0,0.0,0.0,0.0,0.0,0.0,0.0,0.0,0.0,0.0,0.0,0.0,32.0,32.0,7.10792676,7.10792676,48.0,78.0,58.0,17.32050808,300.0,0.0,0.0,0.0,0.0,0.0,0.0,0.0,0.0,1.0,87.0,48.0,78.0,32.0,0.0,0.0,0.0,0.0,0.0,0.0,1.0,48.0,1.0,78.0,-1.0,-1.0,0.0,32.0,0.0,0.0,0.0,0.0,0.0,0.0,0.0,0.0,0
52181.0,34.0,1.0,1.0,6.0,6.0,6.0,6.0,6.0,0.0,6.0,6.0,6.0,0.0,352941.1765,58823.52941,34.0,0.0,34.0,34.0,0.0,0.0,0.0,0.0,0.0,0.0,0.0,0.0,0.0,0.0,0.0,0.0,0.0,0.0,20.0,20.0,29411.76471,29411.76471,6.0,6.0,6.0,0.0,0.0,0.0,0.0,0.0,0.0,1.0,1.0,0.0,0.0,1.0,9.0,6.0,6.0,20.0,0.0,0.0,0.0,0.0,0.0,0.0,1.0,6.0,1.0,6.0,237.0,256.0,0.0,20.0,0.0,0.0,0.0,0.0,0.0,0.0,0.0,0.0,1
53.0,197.0,2.0,2.0,80.0,112.0,40.0,40.0,40.0,0.0,56.0,56.0,56.0,0.0,974619.2893,20304.56853,65.66666667,73.11862508,146.0,3.0,3.0,3.0,0.0,3.0,3.0,48.0,48.0,0.0,48.0,48.0,0.0,0.0,0.0,0.0,40.0,40.0,10152.28426,10152.28426,40.0,56.0,46.4,8.76356092,76.8,0.0,0.0,0.0,0.0,0.0,0.0,0.0,0.0,1.0,58.0,40.0,56.0,40.0,0.0,0.0,0.0,0.0,0.0,0.0,2.0,80.0,2.0,112.0,-1.0,-1.0,1.0,20.0,0.0,0.0,0.0,0.0,0.0,0.0,0.0,0.0,0
80.0,178017.0,5.0,0.0,30.0,0.0,6.0,6.0,6.0,0.0,0.0,0.0,0.0,0.0,168.5232309,28.08720515,44504.25,86354.90319,174023.0,4.0,178017.0,44504.25,86354.90319,174023.0,4.0,0.0,0.0,0.0,0.0,0.0,0.0,0.0,0.0,0.0,100.0,0.0,28.08720515,0.0,6.0,6.0,6.0,0.0,0.0,0.0,0.0,0.0,0.0,1.0,0.0,0.0,0.0,0.0,7.2,6.0,0.0,100.0,0.0,0.0,0.0,0.0,0.0,0.0,5.0,30.0,0.0,0.0,256.0,-1.0,4.0,20.0,0.0,0.0,0.0,0.0,0.0,0.0,0.0,0.0,2
50300.0,43.0,1.0,1.0,0.0,6.0,0.0,0.0,0.0,0.0,6.0,6.0,6.0,0.0,139534.8837,46511.62791,43.0,0.0,43.0,43.0,0.0,0.0,0.0,0.0,0.0,0.0,0.0,0.0,0.0,0.0,0.0,0.0,0.0,0.0,40.0,20.0,23255.81395,23255.81395,0.0,6.0,2.0,3.464101615,12.0,0.0,0.0,0.0,1.0,0.0,0.0,0.0,0.0,1.0,3.0,0.0,6.0,40.0,0.0,0.0,0.0,0.0,0.0,0.0,1.0,0.0,1.0,6.0,29200.0,0.0,0.0,40.0,0.0,0.0,0.0,0.0,0.0,0.0,0.0,0.0,4
4282.0,61.0,1.0,1.0,6.0,6.0,6.0,6.0,6.0,0.0,6.0,6.0,6.0,0.0,196721.3115,32786.88525,61.0,0.0,61.0,61.0,0.0,0.0,0.0,0.0,0.0,0.0,0.0,0.0,0.0,0.0,0.0,0.0,0.0,0.0,20.0,20.0,16393.44262,16393.44262,6.0,6.0,6.0,0.0,0.0,0.0,0.0,0.0,0.0,1.0,1.0,0.0,0.0,1.0,9.0,6.0,6.0,20.0,0.0,0.0,0.0,0.0,0.0,0.0,1.0,6.0,1.0,6.0,237.0,256.0,0.0,20.0,0.0,0.0,0.0,0.0,0.0,0.0,0.0,0.0,1
1058.0,43.0,1.0,1.0,0.0,6.0,0.0,0.0,0.0,0.0,6.0,6.0,6.0,0.0,139534.8837,46511.62791,43.0,0.0,43.0,43.0,0.0,0.0,0.0,0.0,0.0,0.0,0.0,0.0,0.0,0.0,0.0,0.0,0.0,0.0,40.0,20.0,23255.81395,23255.81395,0.0,6.0,2.0,3.464101615,12.0,0.0,0.0,0.0,1.0,0.0,0.0,0.0,0.0,1.0,3.0,0.0,6.0,40.0,0.0,0.0,0.0,0.0,0.0,0.0,1.0,0.0,1.0,6.0,29200.0,0.0,0.0,40.0,0.0,0.0,0.0,0.0,0.0,0.0,0.0,0.0,4
444.0,100460141.0,26.0,26.0,5776.0,156.0,1002.0,6.0,222.1538462,304.5652235,6.0,6.0,6.0,0.0,59.04829459,0.517618226,1969806.686,8655557.349,54800000.0,36.0,100000000.0,4018386.92,12100000.0,54800000.0,463.0,100000000.0,4018391.52,12100000.0,54800000.0,528.0,1.0,0.0,0.0,0.0,520.0,520.0,0.258809113,0.258809113,6.0,1002.0,112.6037736,237.4695397,56391.78229,0.0,1.0,0.0,0.0,1.0,0.0,0.0,0.0,1.0,114.7692308,222.1538462,6.0,520.0,0.0,0.0,0.0,0.0,0.0,0.0,26.0,5776.0,26.0,156.0,255.0,880.0,25.0,20.0,568411.6667,5121.989587,574107.0,564183.0,32700000.0,19100000.0,54800000.0,21400000.0,3
80.0,6019838.0,5.0,0.0,30.0,0.0,6.0,6.0,6.0,0.0,0.0,0.0,0.0,0.0,4.983522812,0.830587135,1504959.5,3009248.37,6018832.0,1.0,6019838.0,1504959.5,3009248.37,6018832.0,1.0,0.0,0.0,0.0,0.0,0.0,0.0,0.0,0.0,0.0,100.0,0.0,0.830587135,0.0,6.0,6.0,6.0,0.0,0.0,0.0,0.0,0.0,0.0,1.0,0.0,0.0,0.0,0.0,7.2,6.0,0.0,100.0,0.0,0.0,0.0,0.0,0.0,0.0,5.0,30.0,0.0,0.0,256.0,-1.0,4.0,20.0,1006.0,0.0,1006.0,1006.0,6018832.0,0.0,6018832.0,6018832.0,2
2602.0,44.0,1.0,1.0,2.0,6.0,2.0,2.0,2.0,0.0,6.0,6.0,6.0,0.0,181818.1818,45454.54545,44.0,0.0,44.0,44.0,0.0,0.0,0.0,0.0,0.0,0.0,0.0,0.0,0.0,0.0,0.0,0.0,0.0,0.0,24.0,20.0,22727.27273,22727.27273,2.0,6.0,3.333333333,2.309401077,5.333333333,0.0,0.0,0.0,1.0,0.0,0.0,0.0,0.0,1.0,5.0,2.0,6.0,24.0,0.0,0.0,0.0,0.0,0.0,0.0,1.0,2.0,1.0,6.0,1024.0,0.0,0.0,24.0,0.0,0.0,0.0,0.0,0.0,0.0,0.0,0.0,4
705.0,38.0,1.0,1.0,0.0,6.0,0.0,0.0,0.0,0.0,6.0,6.0,6.0,0.0,157894.7368,52631.57895,38.0,0.0,38.0,38.0,0.0,0.0,0.0,0.0,0.0,0.0,0.0,0.0,0.0,0.0,0.0,0.0,0.0,0.0,40.0,20.0,26315.78947,26315.78947,0.0,6.0,2.0,3.464101615,12.0,0.0,0.0,0.0,1.0,0.0,0.0,0.0,0.0,1.0,3.0,0.0,6.0,40.0,0.0,0.0,0.0,0.0,0.0,0.0,1.0,0.0,1.0,6.0,29200.0,0.0,0.0,40.0,0.0,0.0,0.0,0.0,0.0,0.0,0.0,0.0,4
443.0,117881561.0,13.0,12.0,654.0,5280.0,199.0,0.0,50.30769231,67.72294615,1460.0,0.0,440.0,629.6815934,50.33866153,0.212077273,4911731.708,16600000.0,58900000.0,3.0,118000000.0,9823463.417,22900000.0,58900000.0,131.0,118000000.0,10700000.0,23800000.0,59000000.0,3.0,0.0,0.0,0.0,0.0,272.0,252.0,0.110280182,0.101797091,0.0,1460.0,228.2307692,465.5450404,216732.1846,0.0,0.0,0.0,1.0,0.0,0.0,0.0,0.0,0.0,237.36,50.30769231,440.0,272.0,0.0,0.0,0.0,0.0,0.0,0.0,13.0,654.0,12.0,5280.0,8192.0,123.0,12.0,20.0,127159.5,64710.87708,172917.0,81402.0,58800000.0,217753.5333,58900000.0,58600000.0,0
444.0,99891716.0,15.0,15.0,5065.0,90.0,1460.0,6.0,337.6666667,457.9431759,6.0,6.0,6.0,0.0,51.60588091,0.300325204,3444541.931,18300000.0,98800000.0,3.0,99900000.0,7135098.643,26400000.0,98800000.0,4.0,99900000.0,7135085.857,26400000.0,98800000.0,3.0,1.0,0.0,0.0,0.0,300.0,300.0,0.150162602,0.150162602,6.0,1460.0,168.2258065,354.64026,125769.714,0.0,1.0,0.0,0.0,1.0,0.0,0.0,0.0,1.0,173.8333333,337.6666667,6.0,300.0,0.0,0.0,0.0,0.0,0.0,0.0,15.0,5065.0,15.0,90.0,255.0,1452.0,14.0,20.0,569902.0,0.0,569902.0,569902.0,98800000.0,0.0,98800000.0,98800000.0,3
311.0,56.0,1.0,1.0,2.0,6.0,2.0,2.0,2.0,0.0,6.0,6.0,6.0,0.0,142857.1429,35714.28571,56.0,0.0,56.0,56.0,0.0,0.0,0.0,0.0,0.0,0.0,0.0,0.0,0.0,0.0,0.0,0.0,0.0,0.0,24.0,20.0,17857.14286,17857.14286,2.0,6.0,3.333333333,2.309401077,5.333333333,0.0,0.0,0.0,1.0,0.0,0.0,0.0,0.0,1.0,5.0,2.0,6.0,24.0,0.0,0.0,0.0,0.0,0.0,0.0,1.0,2.0,1.0,6.0,1024.0,0.0,0.0,24.0,0.0,0.0,0.0,0.0,0.0,0.0,0.0,0.0,4
8080.0,84425.0,4.0,3.0,207.0,134.0,195.0,0.0,51.75,95.54187564,128.0,0.0,44.66666667,72.23111056,4039.087948,82.91382884,14070.83333,33392.86087,82230.0,13.0,84425.0,28141.66667,48161.04787,83752.0,13.0,82891.0,41445.5,57677.99303,82230.0,661.0,0.0,0.0,0.0,0.0,92.0,72.0,47.37933077,35.53449808,0.0,195.0,42.625,75.57576615,5711.696429,0.0,0.0,0.0,1.0,0.0,0.0,0.0,0.0,0.0,48.71428571,51.75,44.66666667,92.0,0.0,0.0,0.0,0.0,0.0,0.0,4.0,207.0,3.0,134.0,8192.0,237.0,3.0,20.0,0.0,0.0,0.0,0.0,0.0,0.0,0.0,0.0,1
80.0,97849214.0,7.0,6.0,50.0,11601.0,20.0,0.0,7.142857143,6.094494002,5840.0,0.0,1933.5,2189.772933,119.0709616,0.13285748,8154101.167,28000000.0,96900000.0,0.0,97200000.0,16200000.0,39500000.0,96900000.0,0.0,699712.0,139942.4,298482.2329,673509.0,46.0,0.0,0.0,0.0,0.0,152.0,132.0,0.071538643,0.061318837,0.0,5840.0,832.6428571,1680.214254,2823119.94,0.0,0.0,0.0,0.0,1.0,0.0,0.0,0.0,0.0,896.6923077,7.142857143,1933.5,152.0,0.0,0.0,0.0,0.0,0.0,0.0,7.0,50.0,6.0,11601.0,256.0,229.0,5.0,20.0,226055.0,0.0,226055.0,226055.0,96900000.0,0.0,96900000.0,96900000.0,2
444.0,101039258.0,26.0,26.0,5810.0,156.0,1177.0,6.0,223.4615385,324.5229398,6.0,6.0,6.0,0.0,59.04635602,0.514651444,1981161.922,8701276.406,55000000.0,31.0,101000000.0,4041554.32,12200000.0,55000000.0,411.0,101000000.0,4041546.56,12200000.0,55000000.0,528.0,1.0,0.0,0.0,0.0,520.0,520.0,0.257325722,0.257325722,6.0,1177.0,113.245283,250.1431825,62571.61176,0.0,1.0,0.0,0.0,1.0,0.0,0.0,0.0,1.0,115.4230769,223.4615385,6.0,520.0,0.0,0.0,0.0,0.0,0.0,0.0,26.0,5810.0,26.0,156.0,255.0,1452.0,25.0,20.0,558285.6667,10919.81636,570883.0,551515.0,32900000.0,19100000.0,55000000.0,21600000.0,3
1494.0,29.0,1.0,1.0,2.0,6.0,2.0,2.0,2.0,0.0,6.0,6.0,6.0,0.0,275862.069,68965.51724,29.0,0.0,29.0,29.0,0.0,0.0,0.0,0.0,0.0,0.0,0.0,0.0,0.0,0.0,0.0,0.0,0.0,0.0,24.0,20.0,34482.75862,34482.75862,2.0,6.0,3.333333333,2.309401077,5.333333333,0.0,0.0,0.0,1.0,0.0,0.0,0.0,0.0,1.0,5.0,2.0,6.0,24.0,0.0,0.0,0.0,0.0,0.0,0.0,1.0,2.0,1.0,6.0,1024.0,0.0,0.0,24.0,0.0,0.0,0.0,0.0,0.0,0.0,0.0,0.0,4
8011.0,49.0,1.0,1.0,0.0,6.0,0.0,0.0,0.0,0.0,6.0,6.0,6.0,0.0,122448.9796,40816.32653,49.0,0.0,49.0,49.0,0.0,0.0,0.0,0.0,0.0,0.0,0.0,0.0,0.0,0.0,0.0,0.0,0.0,0.0,40.0,20.0,20408.16327,20408.16327,0.0,6.0,2.0,3.464101615,12.0,0.0,0.0,0.0,1.0,0.0,0.0,0.0,0.0,1.0,3.0,0.0,6.0,40.0,0.0,0.0,0.0,0.0,0.0,0.0,1.0,0.0,1.0,6.0,29200.0,0.0,0.0,40.0,0.0,0.0,0.0,0.0,0.0,0.0,0.0,0.0,4
444.0,69483113.0,20.0,20.0,3734.0,120.0,705.0,6.0,186.7,226.9546906,6.0,6.0,6.0,0.0,55.46671462,0.575679446,1781618.282,8982985.218,55000000.0,33.0,69500000.0,3656979.632,12800000.0,55000000.0,545.0,69500000.0,3656980.316,12800000.0,55000000.0,574.0,1.0,0.0,0.0,0.0,400.0,400.0,0.287839723,0.287839723,6.0,705.0,94.87804878,180.8824473,32718.45976,0.0,1.0,0.0,0.0,1.0,0.0,0.0,0.0,1.0,97.25,186.7,6.0,400.0,0.0,0.0,0.0,0.0,0.0,0.0,20.0,3734.0,20.0,120.0,255.0,1452.0,19.0,20.0,567480.0,12679.8388,576446.0,558514.0,33900000.0,29900000.0,55000000.0,12800000.0,3
443.0,62725424.0,324.0,527.0,3383.0,837836.0,356.0,0.0,10.44135802,29.03099048,4290.0,0.0,1589.821632,645.4819893,13411.13294,13.56706652,73794.61647,2021846.068,58900000.0,1.0,62700000.0,194196.3591,3283928.767,59000000.0,49.0,62600000.0,119071.8517,2571760.552,58900000.0,1.0,0.0,0.0,0.0,0.0,6492.0,10552.0,5.165369627,8.401696894,0.0,4290.0,987.3462441,920.3913009,847120.1467,0.0,0.0,0.0,1.0,0.0,0.0,0.0,0.0,1.0,988.506463,10.44135802,1589.821632,6492.0,0.0,0.0,0.0,0.0,0.0,0.0,324.0,3383.0,527.0,837836.0,8192.0,377.0,323.0,20.0,3720446.0,0.0,3720446.0,3720446.0,58900000.0,0.0,58900000.0,58900000.0,0
1717.0,43.0,1.0,1.0,0.0,6.0,0.0,0.0,0.0,0.0,6.0,6.0,6.0,0.0,139534.8837,46511.62791,43.0,0.0,43.0,43.0,0.0,0.0,0.0,0.0,0.0,0.0,0.0,0.0,0.0,0.0,0.0,0.0,0.0,0.0,40.0,20.0,23255.81395,23255.81395,0.0,6.0,2.0,3.464101615,12.0,0.0,0.0,0.0,1.0,0.0,0.0,0.0,0.0,1.0,3.0,0.0,6.0,40.0,0.0,0.0,0.0,0.0,0.0,0.0,1.0,0.0,1.0,6.0,29200.0,0.0,0.0,40.0,0.0,0.0,0.0,0.0,0.0,0.0,0.0,0.0,4
8080.0,143095.0,4.0,3.0,208.0,134.0,196.0,0.0,52.0,96.04165763,128.0,0.0,44.66666667,72.23111056,2390.020616,48.91855061,23849.16667,57446.63278,141110.0,54.0,143095.0,47698.33333,82062.97603,142456.0,54.0,141727.0,70863.5,99343.55301,141110.0,617.0,0.0,0.0,0.0,0.0,92.0,72.0,27.95345749,20.96509312,0.0,196.0,42.75,75.86407017,5755.357143,0.0,0.0,0.0,1.0,0.0,0.0,0.0,0.0,0.0,48.85714286,52.0,44.66666667,92.0,0.0,0.0,0.0,0.0,0.0,0.0,4.0,208.0,3.0,134.0,8192.0,237.0,3.0,20.0,0.0,0.0,0.0,0.0,0.0,0.0,0.0,0.0,1
53.0,24030.0,1.0,1.0,46.0,206.0,46.0,46.0,46.0,0.0,206.0,206.0,206.0,0.0,10486.89139,83.22929671,24030.0,0.0,24030.0,24030.0,0.0,0.0,0.0,0.0,0.0,0.0,0.0,0.0,0.0,0.0,0.0,0.0,0.0,0.0,40.0,40.0,41.61464836,41.61464836,46.0,206.0,99.33333333,92.37604307,8533.333333,0.0,0.0,0.0,0.0,0.0,0.0,0.0,0.0,1.0,149.0,46.0,206.0,40.0,0.0,0.0,0.0,0.0,0.0,0.0,1.0,46.0,1.0,206.0,-1.0,-1.0,0.0,40.0,0.0,0.0,0.0,0.0,0.0,0.0,0.0,0.0,0
444.0,69714525.0,20.0,20.0,3737.0,120.0,705.0,6.0,186.85,227.1610315,6.0,6.0,6.0,0.0,55.32562977,0.573768522,1787551.923,8993025.335,55000000.0,33.0,69700000.0,3669160.421,12800000.0,55000000.0,417.0,69700000.0,3669169.263,12800000.0,55000000.0,530.0,1.0,0.0,0.0,0.0,400.0,400.0,0.286884261,0.286884261,6.0,705.0,94.95121951,181.0434963,32776.74756,0.0,1.0,0.0,0.0,1.0,0.0,0.0,0.0,1.0,97.325,186.85,6.0,400.0,0.0,0.0,0.0,0.0,0.0,0.0,20.0,3737.0,20.0,120.0,255.0,1063.0,19.0,20.0,557579.0,11.3137085,557587.0,557571.0,34000000.0,29700000.0,55000000.0,13000000.0,3
444.0,99891716.0,15.0,15.0,5065.0,90.0,1460.0,6.0,337.6666667,457.9431759,6.0,6.0,6.0,0.0,51.60588091,0.300325204,3444541.931,18300000.0,98800000.0,3.0,99900000.0,7135098.643,26400000.0,98800000.0,4.0,99900000.0,7135085.857,26400000.0,98800000.0,3.0,1.0,0.0,0.0,0.0,300.0,300.0,0.150162602,0.150162602,6.0,1460.0,168.2258065,354.64026,125769.714,0.0,1.0,0.0,0.0,1.0,0.0,0.0,0.0,1.0,173.8333333,337.6666667,6.0,300.0,0.0,0.0,0.0,0.0,0.0,0.0,15.0,5065.0,15.0,90.0,255.0,1452.0,14.0,20.0,569902.0,0.0,569902.0,569902.0,98800000.0,0.0,98800000.0,98800000.0,3
64144.0,101436787.0,5.0,9.0,11613.0,62.0,11595.0,0.0,2322.6,5183.42983,20.0,0.0,6.888888889,5.30199124,115.0963112,0.13801699,7802829.769,25300000.0,91600000.0,1.0,101000000.0,25400000.0,50400000.0,101000000.0,4.0,101000000.0,12600000.0,32100000.0,91600000.0,1.0,0.0,0.0,0.0,0.0,112.0,192.0,0.049291782,0.088725208,0.0,11595.0,778.7333333,2992.233243,8953459.781,0.0,0.0,0.0,0.0,1.0,1.0,0.0,0.0,1.0,834.3571429,2322.6,6.888888889,112.0,0.0,0.0,0.0,0.0,0.0,0.0,5.0,11613.0,9.0,62.0,229.0,256.0,3.0,20.0,14574.0,0.0,14574.0,14574.0,50400000.0,58200000.0,91600000.0,9267366.0,0
444.0,2030.0,2.0,0.0,12.0,0.0,6.0,6.0,6.0,0.0,0.0,0.0,0.0,0.0,5911.330049,985.2216749,2030.0,0.0,2030.0,2030.0,2030.0,2030.0,0.0,2030.0,2030.0,0.0,0.0,0.0,0.0,0.0,0.0,0.0,0.0,0.0,40.0,0.0,985.2216749,0.0,6.0,6.0,6.0,0.0,0.0,0.0,0.0,0.0,0.0,1.0,0.0,0.0,0.0,0.0,9.0,6.0,0.0,40.0,0.0,0.0,0.0,0.0,0.0,0.0,2.0,12.0,0.0,0.0,255.0,-1.0,1.0,20.0,0.0,0.0,0.0,0.0,0.0,0.0,0.0,0.0,3
80.0,8729062.0,6.0,4.0,44.0,11601.0,20.0,0.0,7.333333333,6.653319973,8760.0,0.0,2900.25,4128.319301,1334.049409,1.145598462,969895.7778,2736234.489,8261721.0,1.0,8474909.0,1694981.8,3671951.724,8261721.0,1.0,262259.0,87419.66667,144083.1594,253732.0,376.0,0.0,0.0,0.0,0.0,132.0,92.0,0.687359077,0.458239385,0.0,8760.0,1059.181818,2691.373509,7243491.364,0.0,0.0,0.0,0.0,1.0,0.0,0.0,0.0,0.0,1165.1,7.333333333,2900.25,132.0,0.0,0.0,0.0,0.0,0.0,0.0,6.0,44.0,4.0,11601.0,256.0,229.0,4.0,20.0,205042.0,0.0,205042.0,205042.0,8261721.0,0.0,8261721.0,8261721.0,2
8080.0,68141.0,4.0,3.0,208.0,134.0,196.0,0.0,52.0,96.04165763,128.0,0.0,44.66666667,72.23111056,5019.004711,102.7281666,11356.83333,26793.65449,66045.0,25.0,68141.0,22713.66667,38760.50332,67469.0,25.0,66659.0,33329.5,46266.7038,66045.0,614.0,0.0,0.0,0.0,0.0,92.0,72.0,58.70180948,44.02635711,0.0,196.0,42.75,75.86407017,5755.357143,0.0,0.0,0.0,1.0,0.0,0.0,0.0,0.0,0.0,48.85714286,52.0,44.66666667,92.0,0.0,0.0,0.0,0.0,0.0,0.0,4.0,208.0,3.0,134.0,8192.0,237.0,3.0,20.0,0.0,0.0,0.0,0.0,0.0,0.0,0.0,0.0,1
53.0,191.0,2.0,2.0,88.0,168.0,44.0,44.0,44.0,0.0,84.0,84.0,84.0,0.0,1340314.136,20942.40838,63.66666667,69.83074776,140.0,3.0,3.0,3.0,0.0,3.0,3.0,48.0,48.0,0.0,48.0,48.0,0.0,0.0,0.0,0.0,40.0,40.0,10471.20419,10471.20419,44.0,84.0,60.0,21.9089023,480.0,0.0,0.0,0.0,0.0,0.0,0.0,0.0,0.0,1.0,75.0,44.0,84.0,40.0,0.0,0.0,0.0,0.0,0.0,0.0,2.0,88.0,2.0,168.0,-1.0,-1.0,1.0,20.0,0.0,0.0,0.0,0.0,0.0,0.0,0.0,0.0,0
8080.0,67835.0,4.0,3.0,207.0,134.0,195.0,0.0,51.75,95.54187564,128.0,0.0,44.66666667,72.23111056,5026.903516,103.1915678,11305.83333,26692.68081,65788.0,53.0,67835.0,22611.66667,38623.29874,67209.0,53.0,66403.0,33201.5,46084.27025,65788.0,615.0,0.0,0.0,0.0,0.0,92.0,72.0,58.96661016,44.22495762,0.0,195.0,42.625,75.57576615,5711.696429,0.0,0.0,0.0,1.0,0.0,0.0,0.0,0.0,0.0,48.71428571,51.75,44.66666667,92.0,0.0,0.0,0.0,0.0,0.0,0.0,4.0,207.0,3.0,134.0,8192.0,237.0,3.0,20.0,0.0,0.0,0.0,0.0,0.0,0.0,0.0,0.0,1
80.0,80760811.0,8.0,5.0,56.0,11607.0,20.0,0.0,7.0,5.656854249,10135.0,0.0,2321.4,4413.201989,144.414102,0.160969161,6730067.583,22900000.0,79600000.0,3.0,80400000.0,11500000.0,30000000.0,79600000.0,3.0,408204.0,102051.0,203306.6207,407010.0,4.0,0.0,0.0,0.0,0.0,172.0,112.0,0.099057945,0.061911216,0.0,10135.0,833.5,2705.044255,7317264.423,0.0,0.0,0.0,0.0,1.0,0.0,0.0,0.0,0.0,897.6153846,7.0,2321.4,172.0,0.0,0.0,0.0,0.0,0.0,0.0,8.0,56.0,5.0,11607.0,256.0,229.0,6.0,20.0,768656.0,0.0,768656.0,768656.0,79600000.0,0.0,79600000.0,79600000.0,2
444.0,119382036.0,1157.0,1157.0,319630.0,6942.0,1271.0,6.0,276.2575627,265.155894,6.0,6.0,6.0,0.0,2735.520443,19.38315074,51613.50454,688536.9003,24800000.0,1.0,119000000.0,103271.2249,972656.1248,24800000.0,352.0,119000000.0,103271.2033,971529.3733,24800000.0,464.0,1.0,0.0,0.0,0.0,23140.0,23140.0,9.691575372,9.691575372,6.0,1271.0,141.1088553,231.0500967,53384.14718,0.0,1.0,0.0,0.0,1.0,0.0,0.0,0.0,1.0,141.1698358,276.2575627,6.0,23140.0,0.0,0.0,0.0,0.0,0.0,0.0,1157.0,319630.0,1157.0,6942.0,255.0,3977.0,1156.0,20.0,8742788.75,8670543.965,21700000.0,3735603.0,13600000.0,9693511.151,24800000.0,5373451.0,3
80.0,100169087.0,9.0,6.0,62.0,11601.0,20.0,0.0,6.888888889,5.30199124,7300.0,0.0,1933.5,2720.783986,116.4331267,0.149746798,7154934.786,24300000.0,91000000.0,1.0,100000000.0,12500000.0,31900000.0,91000000.0,1.0,22825.0,4565.0,9764.750202,22032.0,82.0,0.0,0.0,0.0,0.0,192.0,132.0,0.089848079,0.059898719,0.0,7300.0,729.3125,1842.719032,3395613.429,0.0,0.0,0.0,0.0,1.0,0.0,0.0,0.0,0.0,777.9333333,6.888888889,1933.5,192.0,0.0,0.0,0.0,0.0,0.0,0.0,9.0,62.0,6.0,11601.0,256.0,229.0,7.0,20.0,1010.0,0.0,1010.0,1010.0,50100000.0,57900000.0,91000000.0,9157749.0,2
443.0,105566.0,17.0,25.0,1239.0,43949.0,568.0,0.0,72.88235294,177.4129654,4380.0,0.0,1757.96,1256.062912,428054.4872,397.8553701,2574.780488,6860.851775,23183.0,2.0,105566.0,6597.875,11000.21633,29549.0,4.0,80016.0,3334.0,8529.914215,29507.0,47.0,0.0,0.0,0.0,0.0,352.0,512.0,161.0366974,236.8186727,0.0,4380.0,1050.883721,1274.585034,1624567.01,0.0,0.0,0.0,1.0,0.0,0.0,0.0,0.0,1.0,1075.904762,72.88235294,1757.96,352.0,0.0,0.0,0.0,0.0,0.0,0.0,17.0,1239.0,25.0,43949.0,8192.0,62.0,16.0,20.0,0.0,0.0,0.0,0.0,0.0,0.0,0.0,0.0,0
10180.0,13.0,1.0,1.0,0.0,6.0,0.0,0.0,0.0,0.0,6.0,6.0,6.0,0.0,461538.4615,153846.1538,13.0,0.0,13.0,13.0,0.0,0.0,0.0,0.0,0.0,0.0,0.0,0.0,0.0,0.0,0.0,0.0,0.0,0.0,40.0,20.0,76923.07692,76923.07692,0.0,6.0,2.0,3.464101615,12.0,0.0,0.0,0.0,1.0,0.0,0.0,0.0,0.0,1.0,3.0,0.0,6.0,40.0,0.0,0.0,0.0,0.0,0.0,0.0,1.0,0.0,1.0,6.0,29200.0,0.0,0.0,40.0,0.0,0.0,0.0,0.0,0.0,0.0,0.0,0.0,4
8080.0,195885.0,5.0,4.0,213.0,140.0,195.0,0.0,42.6,85.23379611,128.0,0.0,35.0,62.0644826,1802.07775,45.94532506,24485.625,68464.92662,193927.0,73.0,195885.0,48971.25,97140.78183,194682.0,73.0,194699.0,64899.66667,111741.1347,193927.0,182.0,0.0,0.0,0.0,0.0,112.0,92.0,25.52518059,20.42014447,0.0,195.0,35.3,68.41710312,4680.9,0.0,0.0,0.0,1.0,0.0,0.0,0.0,0.0,0.0,39.22222222,42.6,35.0,112.0,0.0,0.0,0.0,0.0,0.0,0.0,5.0,213.0,4.0,140.0,8192.0,237.0,4.0,20.0,0.0,0.0,0.0,0.0,0.0,0.0,0.0,0.0,1
8080.0,66333.0,4.0,3.0,206.0,134.0,194.0,0.0,51.5,95.04209594,128.0,0.0,44.66666667,72.23111056,5125.653898,105.5281685,11055.5,25949.78,64019.0,94.0,66333.0,22111.0,37734.303,65682.0,94.0,64687.0,32343.5,44795.92169,64019.0,668.0,0.0,0.0,0.0,0.0,92.0,72.0,60.30181056,45.22635792,0.0,194.0,42.5,75.2880184,5668.285714,0.0,0.0,0.0,1.0,0.0,0.0,0.0,0.0,0.0,48.57142857,51.5,44.66666667,92.0,0.0,0.0,0.0,0.0,0.0,0.0,4.0,206.0,3.0,134.0,8192.0,237.0,3.0,20.0,0.0,0.0,0.0,0.0,0.0,0.0,0.0,0.0,1
6007.0,41.0,1.0,1.0,0.0,6.0,0.0,0.0,0.0,0.0,6.0,6.0,6.0,0.0,146341.4634,48780.4878,41.0,0.0,41.0,41.0,0.0,0.0,0.0,0.0,0.0,0.0,0.0,0.0,0.0,0.0,0.0,0.0,0.0,0.0,40.0,20.0,24390.2439,24390.2439,0.0,6.0,2.0,3.464101615,12.0,0.0,0.0,0.0,1.0,0.0,0.0,0.0,0.0,1.0,3.0,0.0,6.0,40.0,0.0,0.0,0.0,0.0,0.0,0.0,1.0,0.0,1.0,6.0,29200.0,0.0,0.0,40.0,0.0,0.0,0.0,0.0,0.0,0.0,0.0,0.0,4
444.0,100460141.0,26.0,26.0,5776.0,156.0,1002.0,6.0,222.1538462,304.5652235,6.0,6.0,6.0,0.0,59.04829459,0.517618226,1969806.686,8655557.349,54800000.0,36.0,100000000.0,4018386.92,12100000.0,54800000.0,463.0,100000000.0,4018391.52,12100000.0,54800000.0,528.0,1.0,0.0,0.0,0.0,520.0,520.0,0.258809113,0.258809113,6.0,1002.0,112.6037736,237.4695397,56391.78229,0.0,1.0,0.0,0.0,1.0,0.0,0.0,0.0,1.0,114.7692308,222.1538462,6.0,520.0,0.0,0.0,0.0,0.0,0.0,0.0,26.0,5776.0,26.0,156.0,255.0,880.0,25.0,20.0,568411.6667,5121.989587,574107.0,564183.0,32700000.0,19100000.0,54800000.0,21400000.0,3
80.0,34757.0,3.0,6.0,26.0,11601.0,20.0,0.0,8.666666667,10.26320288,5840.0,0.0,1933.5,2189.772933,334522.5422,258.940645,4344.625,11287.5081,32254.0,49.0,32605.0,16302.5,22837.42771,32451.0,154.0,34560.0,6912.0,14348.08764,32556.0,49.0,0.0,0.0,0.0,0.0,72.0,132.0,86.31354835,172.6270967,0.0,5840.0,1162.7,1911.59573,3654198.233,0.0,0.0,0.0,1.0,0.0,0.0,0.0,0.0,2.0,1291.888889,8.666666667,1933.5,72.0,0.0,0.0,0.0,0.0,0.0,0.0,3.0,26.0,6.0,11601.0,8192.0,229.0,2.0,20.0,0.0,0.0,0.0,0.0,0.0,0.0,0.0,0.0,2
4196.0,99.0,1.0,1.0,6.0,6.0,6.0,6.0,6.0,0.0,6.0,6.0,6.0,0.0,121212.1212,20202.0202,99.0,0.0,99.0,99.0,0.0,0.0,0.0,0.0,0.0,0.0,0.0,0.0,0.0,0.0,0.0,0.0,0.0,0.0,20.0,20.0,10101.0101,10101.0101,6.0,6.0,6.0,0.0,0.0,0.0,0.0,0.0,0.0,1.0,1.0,0.0,0.0,1.0,9.0,6.0,6.0,20.0,0.0,0.0,0.0,0.0,0.0,0.0,1.0,6.0,1.0,6.0,237.0,256.0,0.0,20.0,0.0,0.0,0.0,0.0,0.0,0.0,0.0,0.0,1
53.0,61789.0,2.0,2.0,70.0,202.0,35.0,35.0,35.0,0.0,101.0,101.0,101.0,0.0,4402.07804,64.73644176,20596.33333,35631.46829,61740.0,1.0,1.0,1.0,0.0,1.0,1.0,48.0,48.0,0.0,48.0,48.0,0.0,0.0,0.0,0.0,64.0,64.0,32.36822088,32.36822088,35.0,101.0,61.4,36.1496888,1306.8,0.0,0.0,0.0,0.0,0.0,0.0,0.0,0.0,1.0,76.75,35.0,101.0,64.0,0.0,0.0,0.0,0.0,0.0,0.0,2.0,70.0,2.0,202.0,-1.0,-1.0,1.0,32.0,0.0,0.0,0.0,0.0,0.0,0.0,0.0,0.0,0
80.0,79980.0,3.0,4.0,26.0,11601.0,20.0,0.0,8.666666667,10.26320288,10135.0,0.0,2900.25,4871.82583,145373.8435,87.52188047,13330.0,25072.57578,62641.0,3.0,17037.0,8518.5,12042.73559,17034.0,3.0,79838.0,26612.66667,32314.08121,62641.0,192.0,0.0,0.0,0.0,0.0,72.0,92.0,37.50937734,50.01250313,0.0,10135.0,1453.375,3544.652026,12600000.0,0.0,0.0,0.0,1.0,0.0,0.0,0.0,0.0,1.0,1661.0,8.666666667,2900.25,72.0,0.0,0.0,0.0,0.0,0.0,0.0,3.0,26.0,4.0,11601.0,8192.0,229.0,2.0,20.0,0.0,0.0,0.0,0.0,0.0,0.0,0.0,0.0,2
80.0,13218554.0,30.0,32.0,14311.0,9218.0,713.0,0.0,477.0333333,241.9124212,1460.0,0.0,288.0625,246.1343637,1779.998024,4.690376875,216697.6066,798765.3708,6229599.0,1.0,6988955.0,240998.4483,157047.0773,956022.0,49.0,13000000.0,418766.8065,1106618.404,6280084.0,1.0,0.0,0.0,0.0,0.0,624.0,652.0,2.269537197,2.420839677,0.0,1460.0,373.4761905,262.4277386,68868.31797,0.0,0.0,0.0,1.0,0.0,0.0,0.0,0.0,1.0,379.5,477.0333333,288.0625,624.0,0.0,0.0,0.0,0.0,0.0,0.0,30.0,14311.0,32.0,9218.0,8192.0,343.0,28.0,20.0,0.0,0.0,0.0,0.0,0.0,0.0,0.0,0.0,0
53.0,31005.0,2.0,2.0,64.0,120.0,32.0,32.0,32.0,0.0,60.0,60.0,60.0,0.0,5934.526689,129.0114498,10335.0,17857.45995,30955.0,1.0,1.0,1.0,0.0,1.0,1.0,49.0,49.0,0.0,49.0,49.0,0.0,0.0,0.0,0.0,64.0,80.0,64.50572488,64.50572488,32.0,60.0,43.2,15.33623161,235.2,0.0,0.0,0.0,0.0,0.0,0.0,0.0,0.0,1.0,54.0,32.0,60.0,64.0,0.0,0.0,0.0,0.0,0.0,0.0,2.0,64.0,2.0,120.0,-1.0,-1.0,1.0,32.0,0.0,0.0,0.0,0.0,0.0,0.0,0.0,0.0,0
80.0,9664180.0,4.0,0.0,24.0,0.0,6.0,6.0,6.0,0.0,0.0,0.0,0.0,0.0,2.483397453,0.413899576,3221393.333,5578347.337,9662714.0,475.0,9664180.0,3221393.333,5578347.337,9662714.0,475.0,0.0,0.0,0.0,0.0,0.0,0.0,0.0,0.0,0.0,80.0,0.0,0.413899576,0.0,6.0,6.0,6.0,0.0,0.0,0.0,0.0,0.0,0.0,1.0,0.0,0.0,0.0,0.0,7.5,6.0,0.0,80.0,0.0,0.0,0.0,0.0,0.0,0.0,4.0,24.0,0.0,0.0,256.0,-1.0,3.0,20.0,1466.0,0.0,1466.0,1466.0,9662714.0,0.0,9662714.0,9662714.0,2
17.0,49.0,1.0,1.0,0.0,6.0,0.0,0.0,0.0,0.0,6.0,6.0,6.0,0.0,122448.9796,40816.32653,49.0,0.0,49.0,49.0,0.0,0.0,0.0,0.0,0.0,0.0,0.0,0.0,0.0,0.0,0.0,0.0,0.0,0.0,40.0,20.0,20408.16327,20408.16327,0.0,6.0,2.0,3.464101615,12.0,0.0,0.0,0.0,1.0,0.0,0.0,0.0,0.0,1.0,3.0,0.0,6.0,40.0,0.0,0.0,0.0,0.0,0.0,0.0,1.0,0.0,1.0,6.0,29200.0,0.0,0.0,40.0,0.0,0.0,0.0,0.0,0.0,0.0,0.0,0.0,4
